Fecha,Archivo Original,Proveedor,Pedido,Estado,Ruta Final
2026-01-21 03:01:01,ocr.pdf,,,OK,./data/output/Revision_Manual\ocr.pdf
2026-01-21 04:02:59,ocr.pdf,,,OK,C:\Users\marius.ion\Documents\pdf_classifier_app\data\output\Revision_Manual\ocr.pdf
2026-01-21 05:18:43,arch1.pdf,CBM_IBERICA,,OK,C:\Users\marius.ion\Documents\pdf_classifier_app\data\output\Revision_Manual\arch1.pdf
2026-01-21 05:18:43,arch2.pdf,EUROPART,,OK,C:\Users\marius.ion\Documents\pdf_classifier_app\data\output\Revision_Manual\arch2.pdf
2026-01-21 05:18:43,arch3.pdf,VOLVO_TRUCKS,20,OK,C:\Users\marius.ion\Documents\pdf_classifier_app\data\output\Volvo\20.pdf
2026-01-21 05:18:44,Convenio-colectivo-2024_2028-protocolo-SAE.pdf,,,OK,C:\Users\marius.ion\Documents\pdf_classifier_app\data\output\Revision_Manual\Convenio-colectivo-2024_2028-protocolo-SAE.pdf
2026-01-21 05:22:51,arch1.pdf,CBM_IBERICA,,OK,C:\Users\marius.ion\Documents\pdf_classifier_app\data\output\Revision_Manual\arch1.pdf
2026-01-21 05:26:00,arch1.pdf,CBM_IBERICA,,OK,C:\Users\marius.ion\Documents\pdf_classifier_app\data\output\Revision_Manual\arch1_DUPLICADO.pdf
2026-01-21 05:26:06,arch1_DUPLICADO.pdf,CBM_IBERICA,,OK,C:\Users\marius.ion\Documents\pdf_classifier_app\data\output\Revision_Manual\arch1_DUPLICADO_DUPLICADO.pdf
2026-01-21 05:29:24,arch1_DUPLICADO_DUPLICADO.pdf,CBM_IBERICA,,OK,C:\Users\marius.ion\Documents\pdf_classifier_app\data\output\Revision_Manual\arch1_DUPLICADO_DUPLICADO_DUPLICADO.pdf
2026-01-21 05:37:23,arch1_DUPLICADO_DUPLICADO_DUPLICADO.pdf,CBM_IBERICA,,OK,C:\Users\marius.ion\Documents\pdf_classifier_app\data\output\Revision_Manual\arch1_DUPLICADO_DUPLICADO_DUPLICADO_DUPLICADO_207b.pdf
2026-01-21 05:38:13,arch1.pdf,CBM_IBERICA,,OK,C:\Users\marius.ion\Documents\pdf_classifier_app\data\output\Revision_Manual\arch1.pdf
2026-01-21 05:46:24,arch2.pdf,EUROPART,,OK,C:\Users\marius.ion\Documents\pdf_classifier_app\data\output\Revision_Manual\arch2.pdf
2026-01-21 05:46:25,arch3.pdf,VOLVO_TRUCKS,,OK,C:\Users\marius.ion\Documents\pdf_classifier_app\data\output\Revision_Manual\arch3.pdf
2026-01-21 05:46:26,Convenio-colectivo-2024_2028-protocolo-SAE.pdf,,,OK,C:\Users\marius.ion\Documents\pdf_classifier_app\data\output\Revision_Manual\Convenio-colectivo-2024_2028-protocolo-SAE.pdf
2026-01-21 05:46:26,ocr.pdf,,,OK,C:\Users\marius.ion\Documents\pdf_classifier_app\data\output\Revision_Manual\ocr.pdf
2026-01-22 04:05:53,arch1.pdf,CBM_IBERICA,4951667,OK,C:\Users\marius.ion\Documents\pdf_classifier_app\data\output\CBM_Albaranes\2026-01-19_4951667.pdf
2026-01-22 04:05:53,arch2.pdf,EUROPART,N/A,OK,C:\Users\marius.ion\Documents\pdf_classifier_app\data\output\Revision_Manual\arch2.pdf
2026-01-22 04:05:53,arch3.pdf,VOLVO_TRUCKS,N/A,OK,C:\Users\marius.ion\Documents\pdf_classifier_app\data\output\Revision_Manual\arch3.pdf
2026-01-22 04:05:53,ocr.pdf,,N/A,OK,C:\Users\marius.ion\Documents\pdf_classifier_app\data\output\Revision_Manual\ocr.pdf
2026-01-22 04:11:51,arch1.pdf,CBM_IBERICA,4951667,OK,C:\Users\marius.ion\Documents\pdf_classifier_app\data\output\CBM_Albaranes\2026-01-19_4951667.pdf
2026-01-22 04:11:51,arch2.pdf,EUROPART,N/A,OK,C:\Users\marius.ion\Documents\pdf_classifier_app\data\output\Revision_Manual\arch2.pdf
2026-01-22 04:11:51,arch3.pdf,VOLVO_TRUCKS,N/A,OK,C:\Users\marius.ion\Documents\pdf_classifier_app\data\output\Revision_Manual\arch3.pdf
2026-01-22 04:11:51,ocr.pdf,,N/A,OK,C:\Users\marius.ion\Documents\pdf_classifier_app\data\output\Revision_Manual\ocr.pdf
2026-01-22 04:29:17,arch2.pdf,EUROPART,N/A,OK,C:/Users/marius.ion/Documents/pdf_classifier_app/data/output\Revision_Manual\arch2_DUPLICADO_3414.pdf
2026-01-22 04:29:17,arch3.pdf,VOLVO_TRUCKS,N/A,OK,C:/Users/marius.ion/Documents/pdf_classifier_app/data/output\Revision_Manual\arch3_DUPLICADO_1169.pdf
2026-01-22 04:29:17,ocr.pdf,,N/A,OK,C:/Users/marius.ion/Documents/pdf_classifier_app/data/output\Revision_Manual\ocr_DUPLICADO_1868.pdf
2026-01-22 04:30:13,arch2.pdf,EUROPART,N/A,OK,C:/Users/marius.ion/Documents/pdf_classifier_app/data/output\Revision_Manual\arch2_DUPLICADO_44a0.pdf
2026-01-22 04:30:13,arch3.pdf,VOLVO_TRUCKS,N/A,OK,C:/Users/marius.ion/Documents/pdf_classifier_app/data/output\Revision_Manual\arch3_DUPLICADO_fddb.pdf
2026-01-22 04:30:13,ocr.pdf,,N/A,OK,C:/Users/marius.ion/Documents/pdf_classifier_app/data/output\Revision_Manual\ocr_DUPLICADO_8a48.pdf
2026-01-22 05:35:51,arch2.pdf,EUROPART,N/A,OK,C:\Users\marius.ion\Documents\pdf_classifier_app\data\output\Revision_Manual\arch2_DUPLICADO_48ee.pdf
2026-01-22 05:35:51,arch3.pdf,VOLVO_TRUCKS,7360167,OK,C:\Users\marius.ion\Documents\pdf_classifier_app\data\output\Volvo_Albaranes\2026-01-20_7360167.pdf
2026-01-22 05:35:51,ocr.pdf,,N/A,OK,C:\Users\marius.ion\Documents\pdf_classifier_app\data\output\Revision_Manual\ocr_DUPLICADO_8d3b.pdf
2026-01-22 05:49:25,arch2.pdf,EUROPART,02AL1090,OK,C:\Users\marius.ion\Documents\pdf_classifier_app\data\output\Europart_Albaranes\2026-01-19_02AL1090.pdf
2026-01-22 05:49:25,ocr.pdf,,N/A,OK,C:\Users\marius.ion\Documents\pdf_classifier_app\data\output\Revision_Manual\ocr_DUPLICADO_4d64.pdf
2026-01-23 01:46:00,SVIMPRESION19_ZARAGOZA_OFICINA TECNICA_1392_001.pdf,HNTOOLS,2601188,OK,C:\Users\marius.ion\Documents\pdf_classifier_app\data\output\HnTools_Albaranes\2026-01-23_2601188.pdf
2026-01-23 01:46:00,SVIMPRESION19_ZARAGOZA_OFICINA TECNICA_1393_001.pdf,HNTOOLS,2601251,OK,C:\Users\marius.ion\Documents\pdf_classifier_app\data\output\HnTools_Albaranes\2026-01-23_2601251.pdf
2026-01-23 03:09:15,SVIMPRESION19_ZARAGOZA_OFICINA TECNICA_1394_001.pdf,GLOBAL_PARTS,01452,OK,C:\Users\marius.ion\Documents\pdf_classifier_app\data\output\GlobalParts_Albaranes\2026-01-21_01452.pdf
2026-01-23 05:14:31,SVIMPRESION19_ZARAGOZA_OFICINA TECNICA_1332_001.pdf,RS_TURIA,26006209,OK,C:\Users\marius.ion\Documents\pdf_classifier_app\data\output\RsTuria_Albaranes\2026-01-15_26006209.pdf
2026-01-23 05:16:28,ocr.pdf,RS_TURIA,26006209,OK,C:\Users\marius.ion\Documents\pdf_classifier_app\data\output\RsTuria_Albaranes\2026-01-15_26006209_DUPLICADO_13ac.pdf
2026-01-23 05:36:56,2026-01-21_01452.pdf,GLOBAL_PARTS,01452,OK,C:\Users\marius.ion\Documents\pdf_classifier_app\data\output\GlobalParts_Albaranes\2026-01-21_01452_DUPLICADO_7bf7.pdf
2026-01-23 05:37:30,2026-01-21_01452.pdf,GLOBAL_PARTS,0100001452,OK,C:\Users\marius.ion\Documents\pdf_classifier_app\data\output\GlobalParts_Albaranes\2026-01-21_0100001452.pdf
2026-01-23 08:50:42,TEMP_Pag0_HNTOOLS.pdf,HNTOOLS,2600630,OK,C:\Users\Marius\PycharmProjects\pdf_classifier_app\data\output\HnTools_Albaranes\2026-01-23_2600630.pdf
2026-01-23 08:50:42,TEMP_Pag1_HNTOOLS.pdf,HNTOOLS,2600847,OK,C:\Users\Marius\PycharmProjects\pdf_classifier_app\data\output\HnTools_Albaranes\2026-01-23_2600847.pdf
2026-01-23 08:50:42,TEMP_Pag2_CBM_IBERICA.pdf,CBM_IBERICA,4953815,OK,C:\Users\Marius\PycharmProjects\pdf_classifier_app\data\output\CBM_Albaranes\2026-01-20_4953815.pdf
2026-01-23 08:50:42,TEMP_Pag3_CBM_IBERICA.pdf,CBM_IBERICA,4953804,OK,C:\Users\Marius\PycharmProjects\pdf_classifier_app\data\output\CBM_Albaranes\2026-01-20_4953804.pdf
2026-01-23 08:50:42,TEMP_Pag4_EUROPART.pdf,EUROPART,N/A,OK,C:\Users\Marius\PycharmProjects\pdf_classifier_app\data\output\Revision_Manual\TEMP_Pag4_EUROPART.pdf
2026-01-23 08:50:42,TEMP_Pag5_EUROPART.pdf,EUROPART,02AL1318,OK,C:\Users\Marius\PycharmProjects\pdf_classifier_app\data\output\Europart_Albaranes\2026-01-20_02AL1318.pdf
2026-01-23 08:50:42,TEMP_Pag6_VOLVO_TRUCKS.pdf,VOLVO_TRUCKS,7360166,OK,C:\Users\Marius\PycharmProjects\pdf_classifier_app\data\output\Volvo_Albaranes\2026-01-21_7360166.pdf
2026-01-23 08:50:42,TEMP_Pag7_VOLVO_TRUCKS.pdf,VOLVO_TRUCKS,7360181,OK,C:\Users\Marius\PycharmProjects\pdf_classifier_app\data\output\Volvo_Albaranes\2026-01-21_7360181.pdf
2026-01-23 08:50:42,TEMP_Pag8_RS_TURIA.pdf,RS_TURIA,26009170,OK,C:\Users\Marius\PycharmProjects\pdf_classifier_app\data\output\RsTuria_Albaranes\2026-01-21_26009170.pdf
2026-01-23 08:50:42,TEMP_Pag9_RS_TURIA.pdf,RS_TURIA,26008535,OK,C:\Users\Marius\PycharmProjects\pdf_classifier_app\data\output\RsTuria_Albaranes\2026-01-20_26008535.pdf
2026-01-26 10:46:47,Bon de livraison client 4956751.pdf,CBM_IBERICA,4280462,OK,C:\Users\marius.ion\Documents\pdf_classifier_app\data\output\CBM_Albaranes\2026-01-26_4280462.pdf
2026-01-26 13:36:05,SVIMPRESION19_ZARAGOZA_OFICINA TECNICA_1395_001.pdf -> SPLIT_Pag0_HNTOOLS.pdf,HNTOOLS,2600630,OK,C:\Users\marius.ion\Documents\pdf_classifier_app\data\output\HnTools_Albaranes\2026-01-26_2600630.pdf
2026-01-26 13:36:05,SVIMPRESION19_ZARAGOZA_OFICINA TECNICA_1395_001.pdf -> SPLIT_Pag1_HNTOOLS.pdf,HNTOOLS,2600847,OK,C:\Users\marius.ion\Documents\pdf_classifier_app\data\output\HnTools_Albaranes\2026-01-26_2600847.pdf
2026-01-26 13:36:05,SVIMPRESION19_ZARAGOZA_OFICINA TECNICA_1395_001.pdf -> SPLIT_Pag2_CBM_IBERICA.pdf,CBM_IBERICA,4953815,OK,C:\Users\marius.ion\Documents\pdf_classifier_app\data\output\CBM_Albaranes\2026-01-20_4953815.pdf
2026-01-26 13:36:05,SVIMPRESION19_ZARAGOZA_OFICINA TECNICA_1395_001.pdf -> SPLIT_Pag3_CBM_IBERICA.pdf,CBM_IBERICA,4953804,OK,C:\Users\marius.ion\Documents\pdf_classifier_app\data\output\CBM_Albaranes\2026-01-20_4953804.pdf
2026-01-26 13:36:05,SVIMPRESION19_ZARAGOZA_OFICINA TECNICA_1395_001.pdf -> SPLIT_Pag4_EUROPART.pdf,EUROPART,N/A,OK,C:\Users\marius.ion\Documents\pdf_classifier_app\data\output\Revision_Manual\SPLIT_Pag4_EUROPART.pdf
2026-01-26 13:36:05,SVIMPRESION19_ZARAGOZA_OFICINA TECNICA_1395_001.pdf -> SPLIT_Pag5_EUROPART.pdf,EUROPART,02AL1318,OK,C:\Users\marius.ion\Documents\pdf_classifier_app\data\output\Europart_Albaranes\2026-01-20_02AL1318.pdf
2026-01-26 13:36:05,SVIMPRESION19_ZARAGOZA_OFICINA TECNICA_1395_001.pdf -> SPLIT_Pag6_VOLVO_TRUCKS.pdf,VOLVO_TRUCKS,7360166,OK,C:\Users\marius.ion\Documents\pdf_classifier_app\data\output\Volvo_Albaranes\2026-01-21_7360166.pdf
2026-01-26 13:36:05,SVIMPRESION19_ZARAGOZA_OFICINA TECNICA_1395_001.pdf -> SPLIT_Pag7_VOLVO_TRUCKS.pdf,VOLVO_TRUCKS,7360181,OK,C:\Users\marius.ion\Documents\pdf_classifier_app\data\output\Volvo_Albaranes\2026-01-21_7360181.pdf
2026-01-26 13:36:05,SVIMPRESION19_ZARAGOZA_OFICINA TECNICA_1395_001.pdf -> SPLIT_Pag8_RS_TURIA.pdf,RS_TURIA,26009170,OK,C:\Users\marius.ion\Documents\pdf_classifier_app\data\output\RsTuria_Albaranes\2026-01-21_26009170.pdf
2026-01-26 13:36:05,SVIMPRESION19_ZARAGOZA_OFICINA TECNICA_1395_001.pdf -> SPLIT_Pag9_RS_TURIA.pdf,RS_TURIA,26008535,OK,C:\Users\marius.ion\Documents\pdf_classifier_app\data\output\RsTuria_Albaranes\2026-01-20_26008535.pdf
2026-01-26 13:40:39,SVIMPRESION19_ZARAGOZA_OFICINA TECNICA_1395_001.pdf -> SPLIT_Pag0_HNTOOLS.pdf,HNTOOLS,2600630,OK,C:\Users\marius.ion\Documents\pdf_classifier_app\data\output\HnTools_Albaranes\2026-01-26_2600630_DUPLICADO_bf50.pdf
2026-01-26 13:40:39,SVIMPRESION19_ZARAGOZA_OFICINA TECNICA_1395_001.pdf -> SPLIT_Pag1_HNTOOLS.pdf,HNTOOLS,2600847,OK,C:\Users\marius.ion\Documents\pdf_classifier_app\data\output\HnTools_Albaranes\2026-01-26_2600847_DUPLICADO_0a8f.pdf
2026-01-26 13:40:39,SVIMPRESION19_ZARAGOZA_OFICINA TECNICA_1395_001.pdf -> SPLIT_Pag2_CBM_IBERICA.pdf,CBM_IBERICA,4953815,OK,C:\Users\marius.ion\Documents\pdf_classifier_app\data\output\CBM_Albaranes\2026-01-20_4953815_DUPLICADO_4ab4.pdf
2026-01-26 13:40:39,SVIMPRESION19_ZARAGOZA_OFICINA TECNICA_1395_001.pdf -> SPLIT_Pag3_CBM_IBERICA.pdf,CBM_IBERICA,4953804,OK,C:\Users\marius.ion\Documents\pdf_classifier_app\data\output\CBM_Albaranes\2026-01-20_4953804_DUPLICADO_0c48.pdf
2026-01-26 13:40:39,SVIMPRESION19_ZARAGOZA_OFICINA TECNICA_1395_001.pdf -> SPLIT_Pag4_EUROPART.pdf,EUROPART,N/A,OK,C:\Users\marius.ion\Documents\pdf_classifier_app\data\output\Revision_Manual\SPLIT_Pag4_EUROPART_DUPLICADO_0ad8.pdf
2026-01-26 13:40:39,SVIMPRESION19_ZARAGOZA_OFICINA TECNICA_1395_001.pdf -> SPLIT_Pag5_EUROPART.pdf,EUROPART,02AL1318,OK,C:\Users\marius.ion\Documents\pdf_classifier_app\data\output\Europart_Albaranes\2026-01-20_02AL1318_DUPLICADO_53f7.pdf
2026-01-26 13:40:39,SVIMPRESION19_ZARAGOZA_OFICINA TECNICA_1395_001.pdf -> SPLIT_Pag6_VOLVO_TRUCKS.pdf,VOLVO_TRUCKS,7360166,OK,C:\Users\marius.ion\Documents\pdf_classifier_app\data\output\Volvo_Albaranes\2026-01-21_7360166_DUPLICADO_b4f1.pdf
2026-01-26 13:40:39,SVIMPRESION19_ZARAGOZA_OFICINA TECNICA_1395_001.pdf -> SPLIT_Pag7_VOLVO_TRUCKS.pdf,VOLVO_TRUCKS,7360181,OK,C:\Users\marius.ion\Documents\pdf_classifier_app\data\output\Volvo_Albaranes\2026-01-21_7360181_DUPLICADO_39e8.pdf
2026-01-26 13:40:39,SVIMPRESION19_ZARAGOZA_OFICINA TECNICA_1395_001.pdf -> SPLIT_Pag8_RS_TURIA.pdf,RS_TURIA,26009170,OK,C:\Users\marius.ion\Documents\pdf_classifier_app\data\output\RsTuria_Albaranes\2026-01-21_26009170_DUPLICADO_dd53.pdf
2026-01-26 13:40:39,SVIMPRESION19_ZARAGOZA_OFICINA TECNICA_1395_001.pdf -> SPLIT_Pag9_RS_TURIA.pdf,RS_TURIA,26008535,OK,C:\Users\marius.ion\Documents\pdf_classifier_app\data\output\RsTuria_Albaranes\2026-01-20_26008535_DUPLICADO_a6ca.pdf
2026-01-26 15:59:30,SVIMPRESION19_ZARAGOZA_OFICINA TECNICA_1395_001.pdf -> TEMP_Pag0_HNTOOLS.pdf,HNTOOLS,2600630,OK,C:\Users\Marius\PycharmProjects\pdf_classifier_app\data\output\HnTools_Albaranes\2026-01-26_2600630.pdf
2026-01-26 15:59:30,SVIMPRESION19_ZARAGOZA_OFICINA TECNICA_1395_001.pdf -> TEMP_Pag1_HNTOOLS.pdf,HNTOOLS,2600847,OK,C:\Users\Marius\PycharmProjects\pdf_classifier_app\data\output\HnTools_Albaranes\2026-01-26_2600847.pdf
2026-01-26 15:59:30,SVIMPRESION19_ZARAGOZA_OFICINA TECNICA_1395_001.pdf -> TEMP_Pag2_CBM_IBERICA.pdf,CBM_IBERICA,4953815115,OK,C:\Users\Marius\PycharmProjects\pdf_classifier_app\data\output\CBM_Albaranes\2026-01-20_4953815115.pdf
2026-01-26 15:59:30,SVIMPRESION19_ZARAGOZA_OFICINA TECNICA_1395_001.pdf -> TEMP_Pag3_CBM_IBERICA.pdf,CBM_IBERICA,4953804,OK,C:\Users\Marius\PycharmProjects\pdf_classifier_app\data\output\CBM_Albaranes\2026-01-20_4953804_DUPLICADO_27ed.pdf
2026-01-26 15:59:30,SVIMPRESION19_ZARAGOZA_OFICINA TECNICA_1395_001.pdf -> TEMP_Pag4_EUROPART.pdf,EUROPART,N/A,OK,C:\Users\Marius\PycharmProjects\pdf_classifier_app\data\output\Revision_Manual\TEMP_Pag4_EUROPART_DUPLICADO_a1c2.pdf
2026-01-26 15:59:30,SVIMPRESION19_ZARAGOZA_OFICINA TECNICA_1395_001.pdf -> TEMP_Pag5_EUROPART.pdf,EUROPART,02AL1318,OK,C:\Users\Marius\PycharmProjects\pdf_classifier_app\data\output\Europart_Albaranes\2026-01-20_02AL1318_DUPLICADO_b5a8.pdf
2026-01-26 15:59:30,SVIMPRESION19_ZARAGOZA_OFICINA TECNICA_1395_001.pdf -> TEMP_Pag6_VOLVO_TRUCKS.pdf,VOLVO_TRUCKS,7360166,OK,C:\Users\Marius\PycharmProjects\pdf_classifier_app\data\output\Volvo_Albaranes\2026-01-21_7360166_DUPLICADO_0d3b.pdf
2026-01-26 15:59:30,SVIMPRESION19_ZARAGOZA_OFICINA TECNICA_1395_001.pdf -> TEMP_Pag7_VOLVO_TRUCKS.pdf,VOLVO_TRUCKS,7360181,OK,C:\Users\Marius\PycharmProjects\pdf_classifier_app\data\output\Volvo_Albaranes\2026-01-21_7360181_DUPLICADO_f7b3.pdf
2026-01-26 15:59:30,SVIMPRESION19_ZARAGOZA_OFICINA TECNICA_1395_001.pdf -> TEMP_Pag8_RS_TURIA.pdf,RS_TURIA,26009170,OK,C:\Users\Marius\PycharmProjects\pdf_classifier_app\data\output\RsTuria_Albaranes\2026-01-21_26009170_DUPLICADO_891a.pdf
2026-01-26 15:59:30,SVIMPRESION19_ZARAGOZA_OFICINA TECNICA_1395_001.pdf -> TEMP_Pag9_RS_TURIA.pdf,RS_TURIA,26008535,OK,C:\Users\Marius\PycharmProjects\pdf_classifier_app\data\output\RsTuria_Albaranes\2026-01-20_26008535_DUPLICADO_9571.pdf
2026-01-26 16:01:10,SVIMPRESION19_ZARAGOZA_OFICINA TECNICA_1395_001.pdf -> TEMP_Pag0_HNTOOLS.pdf,HNTOOLS,2600630,OK,C:\Users\Marius\PycharmProjects\pdf_classifier_app\data\output\HnTools_Albaranes\2026-01-26_2600630_DUPLICADO_1f0f.pdf
2026-01-26 16:01:10,SVIMPRESION19_ZARAGOZA_OFICINA TECNICA_1395_001.pdf -> TEMP_Pag1_HNTOOLS.pdf,HNTOOLS,2600847,OK,C:\Users\Marius\PycharmProjects\pdf_classifier_app\data\output\HnTools_Albaranes\2026-01-26_2600847_DUPLICADO_54ba.pdf
2026-01-26 16:01:10,SVIMPRESION19_ZARAGOZA_OFICINA TECNICA_1395_001.pdf -> TEMP_Pag2_CBM_IBERICA.pdf,CBM_IBERICA,495381,OK,C:\Users\Marius\PycharmProjects\pdf_classifier_app\data\output\CBM_Albaranes\2026-01-20_495381.pdf
2026-01-26 16:01:11,SVIMPRESION19_ZARAGOZA_OFICINA TECNICA_1395_001.pdf -> TEMP_Pag3_CBM_IBERICA.pdf,CBM_IBERICA,495380,OK,C:\Users\Marius\PycharmProjects\pdf_classifier_app\data\output\CBM_Albaranes\2026-01-20_495380.pdf
2026-01-26 16:01:11,SVIMPRESION19_ZARAGOZA_OFICINA TECNICA_1395_001.pdf -> TEMP_Pag4_EUROPART.pdf,EUROPART,N/A,OK,C:\Users\Marius\PycharmProjects\pdf_classifier_app\data\output\Revision_Manual\TEMP_Pag4_EUROPART_DUPLICADO_0510.pdf
2026-01-26 16:01:11,SVIMPRESION19_ZARAGOZA_OFICINA TECNICA_1395_001.pdf -> TEMP_Pag5_EUROPART.pdf,EUROPART,02AL1318,OK,C:\Users\Marius\PycharmProjects\pdf_classifier_app\data\output\Europart_Albaranes\2026-01-20_02AL1318_DUPLICADO_43fb.pdf
2026-01-26 16:01:11,SVIMPRESION19_ZARAGOZA_OFICINA TECNICA_1395_001.pdf -> TEMP_Pag6_VOLVO_TRUCKS.pdf,VOLVO_TRUCKS,7360166,OK,C:\Users\Marius\PycharmProjects\pdf_classifier_app\data\output\Volvo_Albaranes\2026-01-21_7360166_DUPLICADO_122a.pdf
2026-01-26 16:01:11,SVIMPRESION19_ZARAGOZA_OFICINA TECNICA_1395_001.pdf -> TEMP_Pag7_VOLVO_TRUCKS.pdf,VOLVO_TRUCKS,7360181,OK,C:\Users\Marius\PycharmProjects\pdf_classifier_app\data\output\Volvo_Albaranes\2026-01-21_7360181_DUPLICADO_ad17.pdf
2026-01-26 16:01:11,SVIMPRESION19_ZARAGOZA_OFICINA TECNICA_1395_001.pdf -> TEMP_Pag8_RS_TURIA.pdf,RS_TURIA,26009170,OK,C:\Users\Marius\PycharmProjects\pdf_classifier_app\data\output\RsTuria_Albaranes\2026-01-21_26009170_DUPLICADO_5947.pdf
2026-01-26 16:01:11,SVIMPRESION19_ZARAGOZA_OFICINA TECNICA_1395_001.pdf -> TEMP_Pag9_RS_TURIA.pdf,RS_TURIA,26008535,OK,C:\Users\Marius\PycharmProjects\pdf_classifier_app\data\output\RsTuria_Albaranes\2026-01-20_26008535_DUPLICADO_bbb4.pdf
2026-01-26 16:03:55,SVIMPRESION19_ZARAGOZA_OFICINA TECNICA_1395_001.pdf -> TEMP_Pag0_HNTOOLS.pdf,HNTOOLS,2600630,OK,C:\Users\Marius\PycharmProjects\pdf_classifier_app\data\output\HnTools_Albaranes\2026-01-26_2600630_DUPLICADO_b3a7.pdf
2026-01-26 16:03:55,SVIMPRESION19_ZARAGOZA_OFICINA TECNICA_1395_001.pdf -> TEMP_Pag1_HNTOOLS.pdf,HNTOOLS,2600847,OK,C:\Users\Marius\PycharmProjects\pdf_classifier_app\data\output\HnTools_Albaranes\2026-01-26_2600847_DUPLICADO_512e.pdf
2026-01-26 16:03:55,SVIMPRESION19_ZARAGOZA_OFICINA TECNICA_1395_001.pdf -> TEMP_Pag2_CBM_IBERICA.pdf,CBM_IBERICA,4953815,OK,C:\Users\Marius\PycharmProjects\pdf_classifier_app\data\output\CBM_Albaranes\2026-01-20_4953815_DUPLICADO_2c18.pdf
2026-01-26 16:03:55,SVIMPRESION19_ZARAGOZA_OFICINA TECNICA_1395_001.pdf -> TEMP_Pag3_CBM_IBERICA.pdf,CBM_IBERICA,4953804,OK,C:\Users\Marius\PycharmProjects\pdf_classifier_app\data\output\CBM_Albaranes\2026-01-20_4953804_DUPLICADO_02b4.pdf
2026-01-26 16:03:55,SVIMPRESION19_ZARAGOZA_OFICINA TECNICA_1395_001.pdf -> TEMP_Pag4_EUROPART.pdf,EUROPART,N/A,OK,C:\Users\Marius\PycharmProjects\pdf_classifier_app\data\output\Revision_Manual\TEMP_Pag4_EUROPART_DUPLICADO_ff0c.pdf
2026-01-26 16:03:55,SVIMPRESION19_ZARAGOZA_OFICINA TECNICA_1395_001.pdf -> TEMP_Pag5_EUROPART.pdf,EUROPART,02AL1318,OK,C:\Users\Marius\PycharmProjects\pdf_classifier_app\data\output\Europart_Albaranes\2026-01-20_02AL1318_DUPLICADO_74a7.pdf
2026-01-26 16:03:55,SVIMPRESION19_ZARAGOZA_OFICINA TECNICA_1395_001.pdf -> TEMP_Pag6_VOLVO_TRUCKS.pdf,VOLVO_TRUCKS,7360166,OK,C:\Users\Marius\PycharmProjects\pdf_classifier_app\data\output\Volvo_Albaranes\2026-01-21_7360166_DUPLICADO_35fb.pdf
2026-01-26 16:03:55,SVIMPRESION19_ZARAGOZA_OFICINA TECNICA_1395_001.pdf -> TEMP_Pag7_VOLVO_TRUCKS.pdf,VOLVO_TRUCKS,7360181,OK,C:\Users\Marius\PycharmProjects\pdf_classifier_app\data\output\Volvo_Albaranes\2026-01-21_7360181_DUPLICADO_4f88.pdf
2026-01-26 16:03:55,SVIMPRESION19_ZARAGOZA_OFICINA TECNICA_1395_001.pdf -> TEMP_Pag8_RS_TURIA.pdf,RS_TURIA,26009170,OK,C:\Users\Marius\PycharmProjects\pdf_classifier_app\data\output\RsTuria_Albaranes\2026-01-21_26009170_DUPLICADO_b9b0.pdf
2026-01-26 16:03:55,SVIMPRESION19_ZARAGOZA_OFICINA TECNICA_1395_001.pdf -> TEMP_Pag9_RS_TURIA.pdf,RS_TURIA,26008535,OK,C:\Users\Marius\PycharmProjects\pdf_classifier_app\data\output\RsTuria_Albaranes\2026-01-20_26008535_DUPLICADO_0b6b.pdf
2026-01-26 16:07:21,SVIMPRESION19_ZARAGOZA_OFICINA TECNICA_1395_001.pdf -> TEMP_Pag0_HNTOOLS.pdf,HNTOOLS,2600630,OK,C:\Users\Marius\PycharmProjects\pdf_classifier_app\data\output\HnTools_Albaranes\2026-01-26_2600630.pdf
2026-01-26 16:07:21,SVIMPRESION19_ZARAGOZA_OFICINA TECNICA_1395_001.pdf -> TEMP_Pag1_HNTOOLS.pdf,HNTOOLS,2600847,OK,C:\Users\Marius\PycharmProjects\pdf_classifier_app\data\output\HnTools_Albaranes\2026-01-26_2600847.pdf
2026-01-26 16:07:21,SVIMPRESION19_ZARAGOZA_OFICINA TECNICA_1395_001.pdf -> TEMP_Pag2_CBM_IBERICA.pdf,CBM_IBERICA,4953815,OK,C:\Users\Marius\PycharmProjects\pdf_classifier_app\data\output\CBM_Albaranes\2026-01-20_4953815.pdf
2026-01-26 16:07:21,SVIMPRESION19_ZARAGOZA_OFICINA TECNICA_1395_001.pdf -> TEMP_Pag3_CBM_IBERICA.pdf,CBM_IBERICA,4953804,OK,C:\Users\Marius\PycharmProjects\pdf_classifier_app\data\output\CBM_Albaranes\2026-01-20_4953804.pdf
2026-01-26 16:07:21,SVIMPRESION19_ZARAGOZA_OFICINA TECNICA_1395_001.pdf -> TEMP_Pag4_EUROPART.pdf,EUROPART,N/A,OK,C:\Users\Marius\PycharmProjects\pdf_classifier_app\data\output\Revision_Manual\TEMP_Pag4_EUROPART.pdf
2026-01-26 16:07:21,SVIMPRESION19_ZARAGOZA_OFICINA TECNICA_1395_001.pdf -> TEMP_Pag5_EUROPART.pdf,EUROPART,02AL1318,OK,C:\Users\Marius\PycharmProjects\pdf_classifier_app\data\output\Europart_Albaranes\2026-01-20_02AL1318.pdf
2026-01-26 16:07:21,SVIMPRESION19_ZARAGOZA_OFICINA TECNICA_1395_001.pdf -> TEMP_Pag6_VOLVO_TRUCKS.pdf,VOLVO_TRUCKS,7360166,OK,C:\Users\Marius\PycharmProjects\pdf_classifier_app\data\output\Volvo_Albaranes\2026-01-21_7360166.pdf
2026-01-26 16:07:21,SVIMPRESION19_ZARAGOZA_OFICINA TECNICA_1395_001.pdf -> TEMP_Pag7_VOLVO_TRUCKS.pdf,VOLVO_TRUCKS,7360181,OK,C:\Users\Marius\PycharmProjects\pdf_classifier_app\data\output\Volvo_Albaranes\2026-01-21_7360181.pdf
2026-01-26 16:07:21,SVIMPRESION19_ZARAGOZA_OFICINA TECNICA_1395_001.pdf -> TEMP_Pag8_RS_TURIA.pdf,RS_TURIA,26009170,OK,C:\Users\Marius\PycharmProjects\pdf_classifier_app\data\output\RsTuria_Albaranes\2026-01-21_26009170.pdf
2026-01-26 16:07:21,SVIMPRESION19_ZARAGOZA_OFICINA TECNICA_1395_001.pdf -> TEMP_Pag9_RS_TURIA.pdf,RS_TURIA,26008535,OK,C:\Users\Marius\PycharmProjects\pdf_classifier_app\data\output\RsTuria_Albaranes\2026-01-20_26008535.pdf
2026-01-27 17:12:35,2026-01-20_02AL1318.pdf->TEMP_Pag0_EUROPART.pdf,EUROPART,02AL1318,OK,C:/Users/Marius/Downloads\Europart_Albaranes\2026-01-20_02AL1318.pdf
2026-01-27 17:12:44,2026-01-20_02AL1318.pdf->TEMP_Pag0_EUROPART.pdf,EUROPART,02AL1318,OK,C:/Users/Marius/Downloads\Europart_Albaranes\2026-01-20_02AL1318_DUPLICADO_d33d.pdf
2026-01-27 17:12:46,2026-01-20_02AL1318.pdf->TEMP_Pag0_EUROPART.pdf,EUROPART,02AL1318,OK,C:/Users/Marius/Downloads\Europart_Albaranes\2026-01-20_02AL1318_DUPLICADO_7948.pdf
2026-01-27 17:12:46,2026-01-20_02AL1318.pdf->TEMP_Pag0_EUROPART.pdf,EUROPART,02AL1318,OK,C:/Users/Marius/Downloads\Europart_Albaranes\2026-01-20_02AL1318_DUPLICADO_aa37.pdf
2026-01-27 17:12:47,2026-01-20_02AL1318.pdf->TEMP_Pag0_EUROPART.pdf,EUROPART,02AL1318,OK,C:/Users/Marius/Downloads\Europart_Albaranes\2026-01-20_02AL1318_DUPLICADO_20a3.pdf
2026-01-27 17:13:09,2026-01-20_02AL1318.pdf->TEMP_Pag0_EUROPART.pdf,EUROPART,02AL1318,OK,C:/Users/Marius/Downloads\Europart_Albaranes\2026-01-20_02AL1318_DUPLICADO_af1c.pdf
2026-01-27 19:02:16,2026-01-20_02AL1318.pdf -> TEMP_Pag0_EUROPART.pdf,EUROPART,02AL1318,OK,C:/Users/Marius/Downloads/borrar\Europart_Albaranes\2026-01-20_02AL1318.pdf
2026-01-27 19:03:20,2026-01-20_02AL1318.pdf -> TEMP_Pag0_EUROPART.pdf,EUROPART,02AL1318,OK,C:\Users\Marius\Downloads\borrar\Europart_Albaranes\2026-01-20_02AL1318_DUPLICADO_effa.pdf
2026-01-27 19:05:14,2026-01-20_02AL1318.pdf -> TEMP_Pag0_EUROPART.pdf,EUROPART,02AL1318,OK,C:/Users/Marius/Downloads/borrar\Europart_Albaranes\2026-01-20_02AL1318_DUPLICADO_0c23.pdf
2026-01-27 19:05:14,2026-01-20_02AL1318_DUPLICADO_effa.pdf -> TEMP_Pag0_EUROPART.pdf,EUROPART,02AL1318,OK,C:/Users/Marius/Downloads/borrar\Europart_Albaranes\2026-01-20_02AL1318_DUPLICADO_ffa7.pdf
2026-01-27 19:10:28,2026-01-20_02AL1318.pdf -> TEMP_Pag0_EUROPART.pdf,EUROPART,02AL1318,OK,C:\Users\Marius\Downloads\borrar\Europart_Albaranes\2026-01-20_02AL1318_DUPLICADO_20de.pdf
2026-01-27 19:10:28,2026-01-20_02AL1318_DUPLICADO_0c23.pdf -> TEMP_Pag0_EUROPART.pdf,EUROPART,02AL1318,OK,C:\Users\Marius\Downloads\borrar\Europart_Albaranes\2026-01-20_02AL1318_DUPLICADO_492e.pdf
2026-01-27 19:10:28,2026-01-20_02AL1318_DUPLICADO_effa.pdf -> TEMP_Pag0_EUROPART.pdf,EUROPART,02AL1318,OK,C:\Users\Marius\Downloads\borrar\Europart_Albaranes\2026-01-20_02AL1318_DUPLICADO_8c36.pdf
2026-01-27 19:10:28,2026-01-20_02AL1318_DUPLICADO_ffa7.pdf -> TEMP_Pag0_EUROPART.pdf,EUROPART,02AL1318,OK,C:\Users\Marius\Downloads\borrar\Europart_Albaranes\2026-01-20_02AL1318_DUPLICADO_69ba.pdf
2026-01-27 19:13:54,SVIMPRESION19_ZARAGOZA_OFICINA TECNICA_1395_001.pdf -> TEMP_Pag0_HNTOOLS.pdf,HNTOOLS,2600630,OK,C:\Users\Marius\Downloads\borrar\HnTools_Albaranes\2026-01-27_2600630.pdf
2026-01-27 19:13:54,SVIMPRESION19_ZARAGOZA_OFICINA TECNICA_1395_001.pdf -> TEMP_Pag1_HNTOOLS.pdf,HNTOOLS,2600847,OK,C:\Users\Marius\Downloads\borrar\HnTools_Albaranes\2026-01-27_2600847.pdf
2026-01-27 19:13:54,SVIMPRESION19_ZARAGOZA_OFICINA TECNICA_1395_001.pdf -> TEMP_Pag2_CBM_IBERICA.pdf,CBM_IBERICA,4953815,OK,C:\Users\Marius\Downloads\borrar\CBM_Albaranes\2026-01-20_4953815.pdf
2026-01-27 19:13:54,SVIMPRESION19_ZARAGOZA_OFICINA TECNICA_1395_001.pdf -> TEMP_Pag3_CBM_IBERICA.pdf,CBM_IBERICA,4953804,OK,C:\Users\Marius\Downloads\borrar\CBM_Albaranes\2026-01-20_4953804.pdf
2026-01-27 19:13:54,SVIMPRESION19_ZARAGOZA_OFICINA TECNICA_1395_001.pdf -> TEMP_Pag4_EUROPART.pdf,EUROPART,N/A,OK,C:\Users\Marius\Downloads\borrar\Revision_Manual\TEMP_Pag4_EUROPART.pdf
2026-01-27 19:13:54,SVIMPRESION19_ZARAGOZA_OFICINA TECNICA_1395_001.pdf -> TEMP_Pag5_EUROPART.pdf,EUROPART,02AL1318,OK,C:\Users\Marius\Downloads\borrar\Europart_Albaranes\2026-01-20_02AL1318.pdf
2026-01-27 19:13:54,SVIMPRESION19_ZARAGOZA_OFICINA TECNICA_1395_001.pdf -> TEMP_Pag6_VOLVO_TRUCKS.pdf,VOLVO_TRUCKS,7360166,OK,C:\Users\Marius\Downloads\borrar\Volvo_Albaranes\2026-01-21_7360166.pdf
2026-01-27 19:13:54,SVIMPRESION19_ZARAGOZA_OFICINA TECNICA_1395_001.pdf -> TEMP_Pag7_VOLVO_TRUCKS.pdf,VOLVO_TRUCKS,7360181,OK,C:\Users\Marius\Downloads\borrar\Volvo_Albaranes\2026-01-21_7360181.pdf
2026-01-27 19:13:54,SVIMPRESION19_ZARAGOZA_OFICINA TECNICA_1395_001.pdf -> TEMP_Pag8_RS_TURIA.pdf,RS_TURIA,26009170,OK,C:\Users\Marius\Downloads\borrar\RsTuria_Albaranes\2026-01-21_26009170.pdf
2026-01-27 19:13:54,SVIMPRESION19_ZARAGOZA_OFICINA TECNICA_1395_001.pdf -> TEMP_Pag9_RS_TURIA.pdf,RS_TURIA,26008535,OK,C:\Users\Marius\Downloads\borrar\RsTuria_Albaranes\2026-01-20_26008535.pdf
2026-01-27 19:14:20,SVIMPRESION19_ZARAGOZA_OFICINA TECNICA_1395_001.pdf -> TEMP_Pag0_HNTOOLS.pdf,HNTOOLS,2600630,OK,C:\Users\Marius\Downloads\borrar\HnTools_Albaranes\2026-01-27_2600630_DUPLICADO_3763.pdf
2026-01-27 19:14:20,SVIMPRESION19_ZARAGOZA_OFICINA TECNICA_1395_001.pdf -> TEMP_Pag1_HNTOOLS.pdf,HNTOOLS,2600847,OK,C:\Users\Marius\Downloads\borrar\HnTools_Albaranes\2026-01-27_2600847_DUPLICADO_9e87.pdf
2026-01-27 19:14:20,SVIMPRESION19_ZARAGOZA_OFICINA TECNICA_1395_001.pdf -> TEMP_Pag2_CBM_IBERICA.pdf,CBM_IBERICA,4953815,OK,C:\Users\Marius\Downloads\borrar\CBM_Albaranes\2026-01-20_4953815_DUPLICADO_ffaa.pdf
2026-01-27 19:14:20,SVIMPRESION19_ZARAGOZA_OFICINA TECNICA_1395_001.pdf -> TEMP_Pag3_CBM_IBERICA.pdf,CBM_IBERICA,4953804,OK,C:\Users\Marius\Downloads\borrar\CBM_Albaranes\2026-01-20_4953804_DUPLICADO_bc09.pdf
2026-01-27 19:14:20,SVIMPRESION19_ZARAGOZA_OFICINA TECNICA_1395_001.pdf -> TEMP_Pag4_EUROPART.pdf,EUROPART,N/A,OK,C:\Users\Marius\Downloads\borrar\Revision_Manual\TEMP_Pag4_EUROPART_DUPLICADO_50e6.pdf
2026-01-27 19:14:20,SVIMPRESION19_ZARAGOZA_OFICINA TECNICA_1395_001.pdf -> TEMP_Pag5_EUROPART.pdf,EUROPART,02AL1318,OK,C:\Users\Marius\Downloads\borrar\Europart_Albaranes\2026-01-20_02AL1318_DUPLICADO_b851.pdf
2026-01-27 19:14:20,SVIMPRESION19_ZARAGOZA_OFICINA TECNICA_1395_001.pdf -> TEMP_Pag6_VOLVO_TRUCKS.pdf,VOLVO_TRUCKS,7360166,OK,C:\Users\Marius\Downloads\borrar\Volvo_Albaranes\2026-01-21_7360166_DUPLICADO_355d.pdf
2026-01-27 19:14:20,SVIMPRESION19_ZARAGOZA_OFICINA TECNICA_1395_001.pdf -> TEMP_Pag7_VOLVO_TRUCKS.pdf,VOLVO_TRUCKS,7360181,OK,C:\Users\Marius\Downloads\borrar\Volvo_Albaranes\2026-01-21_7360181_DUPLICADO_d858.pdf
2026-01-27 19:14:20,SVIMPRESION19_ZARAGOZA_OFICINA TECNICA_1395_001.pdf -> TEMP_Pag8_RS_TURIA.pdf,RS_TURIA,26009170,OK,C:\Users\Marius\Downloads\borrar\RsTuria_Albaranes\2026-01-21_26009170_DUPLICADO_7db6.pdf
2026-01-27 19:14:20,SVIMPRESION19_ZARAGOZA_OFICINA TECNICA_1395_001.pdf -> TEMP_Pag9_RS_TURIA.pdf,RS_TURIA,26008535,OK,C:\Users\Marius\Downloads\borrar\RsTuria_Albaranes\2026-01-20_26008535_DUPLICADO_4f26.pdf
2026-01-27 21:11:06,Volvo_NO_ocr.pdf -> TEMP_Pag0_Desconocido.pdf,VOLVO_TRUCKS,6363017,OK,C:\Users\Marius\Downloads\Volvo_Albaranes\2026-01-27_6363017.pdf
2026-01-27 21:11:55,MAN_OCR.pdf -> TEMP_Pag0_Desconocido.pdf,,N/A,OK,C:\Users\Marius\Downloads\Revision_Manual\TEMP_Pag0_Desconocido.pdf
2026-01-27 21:12:06,MAN_OCR.pdf -> TEMP_Pag0_Desconocido.pdf,,N/A,OK,C:\Users\Marius\Downloads\Revision_Manual\TEMP_Pag0_Desconocido_DUPLICADO_dbf7.pdf
2026-01-28 07:37:02,hnsi.pdf -> TEMP_Pag0_HNTOOLS.pdf,HNTOOLS,2523949,OK,C:\Users\marius.ion\Downloads\HnTools_Albaranes\2026-01-28_2523949.pdf
2026-01-28 07:37:06,hnsi.pdf -> TEMP_Pag0_HNTOOLS.pdf,HNTOOLS,2523949,OK,C:\Users\marius.ion\Downloads\HnTools_Albaranes\2026-01-28_2523949_DUPLICADO_df39.pdf
2026-02-02 08:36:30,hnsi.pdf -> TEMP_Pag0_HNTOOLS.pdf,HNTOOLS,AL2523949,OK,C:/Users/marius.ion/Downloads/test\HnTools_Albaranes\2026-02-02_AL2523949.pdf
2026-02-02 08:37:16,hnsi.pdf -> TEMP_Pag0_HNTOOLS.pdf,HNTOOLS,AL2523949,OK,C:/Users/marius.ion/Downloads/test\HnTools_Albaranes\2026-02-02_AL2523949.pdf
2026-02-02 08:37:46,hnsi.pdf -> TEMP_Pag0_HNTOOLS.pdf,HNTOOLS,AL2523949,OK,C:/Users/marius.ion/Downloads/test\HnTools_Albaranes\2026-02-02_AL2523949.pdf
2026-02-02 09:01:15,hnno.pdf -> TEMP_Pag0_Desconocido.pdf,HNTOOLS,N/A,OK,C:/Users/marius.ion/Downloads/test\Revision_Manual\TEMP_Pag0_Desconocido.pdf
2026-02-02 09:01:16,wurth2no.pdf -> TEMP_Pag0_Desconocido.pdf,WURTH,8116535561,OK,C:/Users/marius.ion/Downloads/test\Wurth_Albaranes\2026-02-02_8116535561.pdf
2026-02-02 09:04:58,hnsi.pdf -> TEMP_Pag0_HNTOOLS.pdf,HNTOOLS,AL2523949,OK,C:/Users/marius.ion/Downloads/test\HnTools_Albaranes\2026-02-02_AL2523949.pdf
2026-02-02 09:05:17,hnsi.pdf -> TEMP_Pag0_HNTOOLS.pdf,HNTOOLS,AL2523949,OK,C:/Users/marius.ion/Downloads/test\HnTools_Albaranes\2028-12-23_AL2523949.pdf
2026-02-02 10:18:41,wurth2no.pdf -> TEMP_Pag0_Desconocido.pdf,WURTH,8116535561,OK,C:/Users/marius.ion/Downloads/test\Wurth_Albaranes\2025-05-28_8116535561.pdf
2026-02-02 10:19:30,SVIMPRESION19_ZARAGOZA_OFICINA TECNICA_1411_001.pdf -> TEMP_Pag0_Desconocido.pdf,WURTH,8141776844,OK,C:/Users/marius.ion/Downloads/test\Wurth_Albaranes\2026-01-23_8141776844.pdf
2026-02-02 10:30:16,SVIMPRESION19_ZARAGOZA_OFICINA TECNICA_1411_001.pdf -> SPLIT_Pag0_Desconocido.pdf,WURTH,8141776844,OK,C:/Users/marius.ion/Downloads/test\Wurth_Albaranes\2026-01-23_8141776844.pdf
2026-02-02 10:33:19,SVIMPRESION19_ZARAGOZA_OFICINA TECNICA_1411_001.pdf -> SPLIT_Pag0_WURTH.pdf,WURTH,8141776844,OK,C:/Users/marius.ion/Downloads/test\Wurth_Albaranes\2026-02-02_8141776844.pdf
2026-02-02 10:33:20,SVIMPRESION19_ZARAGOZA_OFICINA TECNICA_1411_001.pdf -> SPLIT_Pag1_WURTH.pdf,WURTH,8141411597,OK,C:/Users/marius.ion/Downloads/test\Wurth_Albaranes\2026-01-23_8141411597.pdf
2026-02-02 10:33:21,SVIMPRESION19_ZARAGOZA_OFICINA TECNICA_1411_001.pdf -> SPLIT_Pag2_WURTH.pdf,WURTH,8141278786,OK,C:/Users/marius.ion/Downloads/test\Wurth_Albaranes\2026-02-02_8141278786.pdf
2026-02-02 10:33:22,SVIMPRESION19_ZARAGOZA_OFICINA TECNICA_1411_001.pdf -> SPLIT_Pag3_WURTH.pdf,WURTH,8141680463,OK,C:/Users/marius.ion/Downloads/test\Wurth_Albaranes\2026-02-02_8141680463.pdf
2026-02-02 10:47:16,SVIMPRESION19_ZARAGOZA_OFICINA TECNICA_1411_001.pdf -> SPLIT_Pag0_WURTH.pdf,WURTH,8141776844,OK,C:\Users\marius.ion\Downloads\test\Wurth_Albaranes\2026-02-02_8141776844.pdf
2026-02-02 10:47:17,SVIMPRESION19_ZARAGOZA_OFICINA TECNICA_1411_001.pdf -> SPLIT_Pag1_WURTH.pdf,WURTH,8141411597,OK,C:\Users\marius.ion\Downloads\test\Wurth_Albaranes\2026-02-02_8141411597.pdf
2026-02-02 10:47:18,SVIMPRESION19_ZARAGOZA_OFICINA TECNICA_1411_001.pdf -> SPLIT_Pag2_WURTH.pdf,WURTH,8141278786,OK,C:\Users\marius.ion\Downloads\test\Wurth_Albaranes\2026-02-02_8141278786.pdf
2026-02-02 10:47:19,SVIMPRESION19_ZARAGOZA_OFICINA TECNICA_1411_001.pdf -> SPLIT_Pag3_WURTH.pdf,WURTH,8141680463,OK,C:\Users\marius.ion\Downloads\test\Wurth_Albaranes\2026-02-02_8141680463.pdf
2026-02-02 10:54:30,SVIMPRESION19_ZARAGOZA_OFICINA TECNICA_1411_001.pdf -> SPLIT_Pag0_WURTH.pdf,WURTH,8141776844,OK,C:\Users\marius.ion\Downloads\test\Wurth_Albaranes\2026-01-27_8141776844.pdf
2026-02-02 10:54:31,SVIMPRESION19_ZARAGOZA_OFICINA TECNICA_1411_001.pdf -> SPLIT_Pag1_WURTH.pdf,WURTH,8141411597,OK,C:\Users\marius.ion\Downloads\test\Wurth_Albaranes\2026-01-23_8141411597.pdf
2026-02-02 10:54:32,SVIMPRESION19_ZARAGOZA_OFICINA TECNICA_1411_001.pdf -> SPLIT_Pag2_WURTH.pdf,WURTH,8141278786,OK,C:\Users\marius.ion\Downloads\test\Wurth_Albaranes\2026-01-22_8141278786.pdf
2026-02-02 10:54:33,SVIMPRESION19_ZARAGOZA_OFICINA TECNICA_1411_001.pdf -> SPLIT_Pag3_WURTH.pdf,WURTH,8141680463,OK,C:\Users\marius.ion\Downloads\test\Wurth_Albaranes\2026-01-27_8141680463.pdf
2026-02-02 11:13:53,SVIMPRESION19_ZARAGOZA_OFICINA TECNICA_1411_001.pdf -> SPLIT_Pag0_WURTH.pdf,WURTH,8141776844,OK,C:/Users/marius.ion/Downloads/test/Wurth_Albaranes\Wurth_Albaranes\2026-01-27_8141776844.pdf
2026-02-02 11:13:54,SVIMPRESION19_ZARAGOZA_OFICINA TECNICA_1411_001.pdf -> SPLIT_Pag1_WURTH.pdf,WURTH,8141411597,OK,C:/Users/marius.ion/Downloads/test/Wurth_Albaranes\Wurth_Albaranes\2026-01-23_8141411597.pdf
2026-02-02 11:13:55,SVIMPRESION19_ZARAGOZA_OFICINA TECNICA_1411_001.pdf -> SPLIT_Pag2_WURTH.pdf,WURTH,8141278786,OK,C:/Users/marius.ion/Downloads/test/Wurth_Albaranes\Wurth_Albaranes\2026-01-22_8141278786.pdf
2026-02-02 11:13:56,SVIMPRESION19_ZARAGOZA_OFICINA TECNICA_1411_001.pdf -> SPLIT_Pag3_WURTH.pdf,WURTH,8141680463,OK,C:/Users/marius.ion/Downloads/test/Wurth_Albaranes\Wurth_Albaranes\2026-01-27_8141680463.pdf
2026-02-02 11:15:31,10NoOCR.pdf -> SPLIT_Pag0_HNTOOLS.pdf,HNTOOLS,N/A,OK,C:/Users/marius.ion/Downloads/test\Revision_Manual\SPLIT_Pag0_HNTOOLS.pdf
2026-02-02 11:15:32,10NoOCR.pdf -> SPLIT_Pag1_HNTOOLS.pdf,HNTOOLS,N/A,OK,C:/Users/marius.ion/Downloads/test\Revision_Manual\SPLIT_Pag1_HNTOOLS.pdf
2026-02-02 11:15:33,10NoOCR.pdf -> SPLIT_Pag2_CBM_IBERICA.pdf,CBM_IBERICA,495381,OK,C:/Users/marius.ion/Downloads/test\CBM_Albaranes\2026-01-20_495381.pdf
2026-02-02 11:15:34,10NoOCR.pdf -> SPLIT_Pag3_CBM_IBERICA.pdf,CBM_IBERICA,495380,OK,C:/Users/marius.ion/Downloads/test\CBM_Albaranes\2026-01-20_495380.pdf
2026-02-02 11:15:35,10NoOCR.pdf -> SPLIT_Pag4_EUROPART.pdf,EUROPART,N/A,OK,C:/Users/marius.ion/Downloads/test\Revision_Manual\SPLIT_Pag4_EUROPART.pdf
2026-02-02 11:15:36,10NoOCR.pdf -> SPLIT_Pag5_EUROPART.pdf,EUROPART,N/A,OK,C:/Users/marius.ion/Downloads/test\Revision_Manual\SPLIT_Pag5_EUROPART.pdf
2026-02-02 11:15:37,10NoOCR.pdf -> SPLIT_Pag6_VOLVO_TRUCKS.pdf,VOLVO_TRUCKS,7360166,OK,C:/Users/marius.ion/Downloads/test\Volvo_Albaranes\2026-02-02_7360166.pdf
2026-02-02 11:15:37,10NoOCR.pdf -> SPLIT_Pag7_VOLVO_TRUCKS.pdf,VOLVO_TRUCKS,7360181,OK,C:/Users/marius.ion/Downloads/test\Volvo_Albaranes\2026-02-02_7360181.pdf
2026-02-02 11:15:38,10NoOCR.pdf -> SPLIT_Pag8_RS_TURIA.pdf,RS_TURIA,26009170,OK,C:/Users/marius.ion/Downloads/test\RsTuria_Albaranes\2026-01-21_26009170.pdf
2026-02-02 11:15:39,10NoOCR.pdf -> SPLIT_Pag9_RS_TURIA.pdf,RS_TURIA,26008535,OK,C:/Users/marius.ion/Downloads/test\RsTuria_Albaranes\2026-01-20_26008535.pdf
2026-02-02 11:16:49,10NoOCR.pdf -> SPLIT_Pag0_HNTOOLS.pdf,HNTOOLS,N/A,OK,C:/Users/marius.ion/Downloads/test\Revision_Manual\SPLIT_Pag0_HNTOOLS.pdf
2026-02-02 11:16:50,10NoOCR.pdf -> SPLIT_Pag1_HNTOOLS.pdf,HNTOOLS,N/A,OK,C:/Users/marius.ion/Downloads/test\Revision_Manual\SPLIT_Pag1_HNTOOLS.pdf
2026-02-02 11:16:51,10NoOCR.pdf -> SPLIT_Pag2_CBM_IBERICA.pdf,CBM_IBERICA,495381,OK,C:/Users/marius.ion/Downloads/test\CBM_Albaranes\2026-01-20_495381.pdf
2026-02-02 11:16:52,10NoOCR.pdf -> SPLIT_Pag3_CBM_IBERICA.pdf,CBM_IBERICA,495380,OK,C:/Users/marius.ion/Downloads/test\CBM_Albaranes\2026-01-20_495380.pdf
2026-02-02 11:16:53,10NoOCR.pdf -> SPLIT_Pag4_EUROPART.pdf,EUROPART,N/A,OK,C:/Users/marius.ion/Downloads/test\Revision_Manual\SPLIT_Pag4_EUROPART.pdf
2026-02-02 11:16:54,10NoOCR.pdf -> SPLIT_Pag5_EUROPART.pdf,EUROPART,N/A,OK,C:/Users/marius.ion/Downloads/test\Revision_Manual\SPLIT_Pag5_EUROPART.pdf
2026-02-02 11:16:55,10NoOCR.pdf -> SPLIT_Pag6_VOLVO_TRUCKS.pdf,VOLVO_TRUCKS,7360166,OK,C:/Users/marius.ion/Downloads/test\Volvo_Albaranes\2026-02-02_7360166.pdf
2026-02-02 11:16:56,10NoOCR.pdf -> SPLIT_Pag7_VOLVO_TRUCKS.pdf,VOLVO_TRUCKS,0099700,OK,C:/Users/marius.ion/Downloads/test\Volvo_Albaranes\2026-01-21_0099700.pdf
2026-02-02 11:16:57,10NoOCR.pdf -> SPLIT_Pag8_RS_TURIA.pdf,RS_TURIA,26009170,OK,C:/Users/marius.ion/Downloads/test\RsTuria_Albaranes\2026-01-21_26009170.pdf
2026-02-02 11:16:58,10NoOCR.pdf -> SPLIT_Pag9_RS_TURIA.pdf,RS_TURIA,26008535,OK,C:/Users/marius.ion/Downloads/test\RsTuria_Albaranes\2026-01-20_26008535.pdf
2026-02-02 11:18:11,10NoOCR.pdf -> SPLIT_Pag0_HNTOOLS.pdf,HNTOOLS,N/A,OK,C:/Users/marius.ion/Downloads/test\Revision_Manual\SPLIT_Pag0_HNTOOLS.pdf
2026-02-02 11:18:11,10NoOCR.pdf -> SPLIT_Pag1_HNTOOLS.pdf,HNTOOLS,N/A,OK,C:/Users/marius.ion/Downloads/test\Revision_Manual\SPLIT_Pag1_HNTOOLS.pdf
2026-02-02 11:18:11,10NoOCR.pdf -> SPLIT_Pag2_CBM_IBERICA.pdf,CBM_IBERICA,4953815,OK,C:/Users/marius.ion/Downloads/test\CBM_Albaranes\2026-01-20_4953815.pdf
2026-02-02 11:18:11,10NoOCR.pdf -> SPLIT_Pag3_CBM_IBERICA.pdf,CBM_IBERICA,4953804,OK,C:/Users/marius.ion/Downloads/test\CBM_Albaranes\2026-01-20_4953804.pdf
2026-02-02 11:18:11,10NoOCR.pdf -> SPLIT_Pag4_EUROPART.pdf,EUROPART,N/A,OK,C:/Users/marius.ion/Downloads/test\Revision_Manual\SPLIT_Pag4_EUROPART.pdf
2026-02-02 11:18:11,10NoOCR.pdf -> SPLIT_Pag5_EUROPART.pdf,EUROPART,02AL1318,OK,C:/Users/marius.ion/Downloads/test\Europart_Albaranes\2026-01-20_02AL1318.pdf
2026-02-02 11:18:11,10NoOCR.pdf -> SPLIT_Pag6_VOLVO_TRUCKS.pdf,VOLVO_TRUCKS,7360166,OK,C:/Users/marius.ion/Downloads/test\Volvo_Albaranes\2026-01-21_7360166.pdf
2026-02-02 11:18:11,10NoOCR.pdf -> SPLIT_Pag7_VOLVO_TRUCKS.pdf,VOLVO_TRUCKS,7360181,OK,C:/Users/marius.ion/Downloads/test\Volvo_Albaranes\2026-01-21_7360181.pdf
2026-02-02 11:18:11,10NoOCR.pdf -> SPLIT_Pag8_RS_TURIA.pdf,RS_TURIA,26009170,OK,C:/Users/marius.ion/Downloads/test\RsTuria_Albaranes\2026-01-21_26009170.pdf
2026-02-02 11:18:11,10NoOCR.pdf -> SPLIT_Pag9_RS_TURIA.pdf,RS_TURIA,26008535,OK,C:/Users/marius.ion/Downloads/test\RsTuria_Albaranes\2026-01-20_26008535.pdf
2026-02-02 11:42:11,10NoOCR.pdf -> SPLIT_Pag0_HNTOOLS.pdf,HNTOOLS,N/A,OK,C:/Users/marius.ion/Downloads/test\Revision_Manual\SPLIT_Pag0_HNTOOLS.pdf
2026-02-02 11:42:11,10NoOCR.pdf -> SPLIT_Pag1_HNTOOLS.pdf,HNTOOLS,N/A,OK,C:/Users/marius.ion/Downloads/test\Revision_Manual\SPLIT_Pag1_HNTOOLS.pdf
2026-02-02 11:42:12,10NoOCR.pdf -> SPLIT_Pag2_CBM_IBERICA.pdf,CBM_IBERICA,495381,OK,C:/Users/marius.ion/Downloads/test\CBM_Albaranes\2026-01-20_495381.pdf
2026-02-02 11:42:13,10NoOCR.pdf -> SPLIT_Pag3_CBM_IBERICA.pdf,CBM_IBERICA,495380,OK,C:/Users/marius.ion/Downloads/test\CBM_Albaranes\2026-01-20_495380.pdf
2026-02-02 11:42:14,10NoOCR.pdf -> SPLIT_Pag4_EUROPART.pdf,EUROPART,N/A,OK,C:/Users/marius.ion/Downloads/test\Revision_Manual\SPLIT_Pag4_EUROPART.pdf
2026-02-02 11:42:15,10NoOCR.pdf -> SPLIT_Pag5_EUROPART.pdf,EUROPART,N/A,OK,C:/Users/marius.ion/Downloads/test\Revision_Manual\SPLIT_Pag5_EUROPART.pdf
2026-02-02 11:42:16,10NoOCR.pdf -> SPLIT_Pag6_VOLVO_TRUCKS.pdf,VOLVO_TRUCKS,7360166,OK,C:/Users/marius.ion/Downloads/test\Volvo_Albaranes\2026-02-02_7360166.pdf
2026-02-02 11:42:17,10NoOCR.pdf -> SPLIT_Pag7_VOLVO_TRUCKS.pdf,VOLVO_TRUCKS,7360181,OK,C:/Users/marius.ion/Downloads/test\Volvo_Albaranes\2026-02-02_7360181.pdf
2026-02-02 11:42:17,10NoOCR.pdf -> SPLIT_Pag8_RS_TURIA.pdf,RS_TURIA,26009170,OK,C:/Users/marius.ion/Downloads/test\RsTuria_Albaranes\2026-01-21_26009170.pdf
2026-02-02 11:42:18,10NoOCR.pdf -> SPLIT_Pag9_RS_TURIA.pdf,RS_TURIA,26008535,OK,C:/Users/marius.ion/Downloads/test\RsTuria_Albaranes\2026-01-20_26008535.pdf
2026-02-02 11:53:20,10NoOCR.pdf -> SPLIT_Pag0_HNTOOLS.pdf,HNTOOLS,9937892,OK,C:/Users/marius.ion/Downloads/test\HnTools_Albaranes\2026-01-12_9937892.pdf
2026-02-02 11:53:21,10NoOCR.pdf -> SPLIT_Pag1_HNTOOLS.pdf,HNTOOLS,9937892,OK,C:/Users/marius.ion/Downloads/test\HnTools_Albaranes\2026-01-13_9937892.pdf
2026-02-02 11:53:22,10NoOCR.pdf -> SPLIT_Pag2_CBM_IBERICA.pdf,CBM_IBERICA,495381,OK,C:/Users/marius.ion/Downloads/test\CBM_Albaranes\2026-01-20_495381.pdf
2026-02-02 11:53:23,10NoOCR.pdf -> SPLIT_Pag3_CBM_IBERICA.pdf,CBM_IBERICA,495380,OK,C:/Users/marius.ion/Downloads/test\CBM_Albaranes\2026-01-20_495380.pdf
2026-02-02 11:53:24,10NoOCR.pdf -> SPLIT_Pag4_EUROPART.pdf,EUROPART,N/A,OK,C:/Users/marius.ion/Downloads/test\Revision_Manual\SPLIT_Pag4_EUROPART.pdf
2026-02-02 11:53:25,10NoOCR.pdf -> SPLIT_Pag5_EUROPART.pdf,EUROPART,N/A,OK,C:/Users/marius.ion/Downloads/test\Revision_Manual\SPLIT_Pag5_EUROPART.pdf
2026-02-02 11:53:26,10NoOCR.pdf -> SPLIT_Pag6_VOLVO_TRUCKS.pdf,VOLVO_TRUCKS,7360166,OK,C:/Users/marius.ion/Downloads/test\Volvo_Albaranes\2026-02-02_7360166.pdf
2026-02-02 11:53:27,10NoOCR.pdf -> SPLIT_Pag7_VOLVO_TRUCKS.pdf,VOLVO_TRUCKS,0099700,OK,C:/Users/marius.ion/Downloads/test\Volvo_Albaranes\2026-01-21_0099700.pdf
2026-02-02 11:53:28,10NoOCR.pdf -> SPLIT_Pag8_RS_TURIA.pdf,RS_TURIA,26009170,OK,C:/Users/marius.ion/Downloads/test\RsTuria_Albaranes\2026-01-21_26009170.pdf
2026-02-02 11:53:29,10NoOCR.pdf -> SPLIT_Pag9_RS_TURIA.pdf,RS_TURIA,26008535,OK,C:/Users/marius.ion/Downloads/test\RsTuria_Albaranes\2026-01-20_26008535.pdf
2026-02-02 11:58:06,10NoOCR.pdf -> SPLIT_Pag0_HNTOOLS.pdf,HNTOOLS,9937892,OK,C:/Users/marius.ion/Downloads/test\HnTools_Albaranes\2026-01-12_9937892.pdf
2026-02-02 11:58:07,10NoOCR.pdf -> SPLIT_Pag1_HNTOOLS.pdf,HNTOOLS,9937892,OK,C:/Users/marius.ion/Downloads/test\HnTools_Albaranes\2026-01-13_9937892.pdf
2026-02-02 11:58:08,10NoOCR.pdf -> SPLIT_Pag2_CBM_IBERICA.pdf,CBM_IBERICA,495381,OK,C:/Users/marius.ion/Downloads/test\CBM_Albaranes\2026-01-20_495381.pdf
2026-02-02 11:58:08,10NoOCR.pdf -> SPLIT_Pag3_CBM_IBERICA.pdf,CBM_IBERICA,495380,OK,C:/Users/marius.ion/Downloads/test\CBM_Albaranes\2026-01-20_495380.pdf
2026-02-02 11:58:09,10NoOCR.pdf -> SPLIT_Pag4_EUROPART.pdf,EUROPART,N/A,OK,C:/Users/marius.ion/Downloads/test\Revision_Manual\SPLIT_Pag4_EUROPART.pdf
2026-02-02 11:58:10,10NoOCR.pdf -> SPLIT_Pag5_EUROPART.pdf,EUROPART,N/A,OK,C:/Users/marius.ion/Downloads/test\Revision_Manual\SPLIT_Pag5_EUROPART.pdf
2026-02-02 11:58:11,10NoOCR.pdf -> SPLIT_Pag6_VOLVO_TRUCKS.pdf,VOLVO_TRUCKS,7360166,OK,C:/Users/marius.ion/Downloads/test\Volvo_Albaranes\2026-02-02_7360166.pdf
2026-02-02 11:58:12,10NoOCR.pdf -> SPLIT_Pag7_VOLVO_TRUCKS.pdf,VOLVO_TRUCKS,0099700,OK,C:/Users/marius.ion/Downloads/test\Volvo_Albaranes\2026-01-21_0099700.pdf
2026-02-02 11:58:13,10NoOCR.pdf -> SPLIT_Pag8_RS_TURIA.pdf,RS_TURIA,26009170,OK,C:/Users/marius.ion/Downloads/test\RsTuria_Albaranes\2026-01-21_26009170.pdf
2026-02-02 11:58:14,10NoOCR.pdf -> SPLIT_Pag9_RS_TURIA.pdf,RS_TURIA,26008535,OK,C:/Users/marius.ion/Downloads/test\RsTuria_Albaranes\2026-01-20_26008535.pdf
2026-02-02 12:02:10,10NoOCR.pdf -> SPLIT_Pag0_HNTOOLS.pdf,HNTOOLS,9937892,OK,C:/Users/marius.ion/Downloads/test\HnTools_Albaranes\2026-01-12_9937892.pdf
2026-02-02 12:02:11,10NoOCR.pdf -> SPLIT_Pag1_HNTOOLS.pdf,HNTOOLS,9937892,OK,C:/Users/marius.ion/Downloads/test\HnTools_Albaranes\2026-01-13_9937892.pdf
2026-02-02 12:02:12,10NoOCR.pdf -> SPLIT_Pag2_CBM_IBERICA.pdf,CBM_IBERICA,495381,OK,C:/Users/marius.ion/Downloads/test\CBM_Albaranes\2026-01-20_495381.pdf
2026-02-02 12:02:13,10NoOCR.pdf -> SPLIT_Pag3_CBM_IBERICA.pdf,CBM_IBERICA,495380,OK,C:/Users/marius.ion/Downloads/test\CBM_Albaranes\2026-01-20_495380.pdf
2026-02-02 12:02:14,10NoOCR.pdf -> SPLIT_Pag4_EUROPART.pdf,EUROPART,N/A,OK,C:/Users/marius.ion/Downloads/test\Revision_Manual\SPLIT_Pag4_EUROPART.pdf
2026-02-02 12:02:15,10NoOCR.pdf -> SPLIT_Pag5_EUROPART.pdf,EUROPART,N/A,OK,C:/Users/marius.ion/Downloads/test\Revision_Manual\SPLIT_Pag5_EUROPART.pdf
2026-02-02 12:02:16,10NoOCR.pdf -> SPLIT_Pag6_VOLVO_TRUCKS.pdf,VOLVO_TRUCKS,7360166,OK,C:/Users/marius.ion/Downloads/test\Volvo_Albaranes\2026-02-02_7360166.pdf
2026-02-02 12:02:17,10NoOCR.pdf -> SPLIT_Pag7_VOLVO_TRUCKS.pdf,VOLVO_TRUCKS,0099700,OK,C:/Users/marius.ion/Downloads/test\Volvo_Albaranes\2026-01-21_0099700.pdf
2026-02-02 12:02:18,10NoOCR.pdf -> SPLIT_Pag8_RS_TURIA.pdf,RS_TURIA,N/A,OK,C:/Users/marius.ion/Downloads/test\Revision_Manual\SPLIT_Pag8_RS_TURIA.pdf
2026-02-02 12:02:19,10NoOCR.pdf -> SPLIT_Pag9_RS_TURIA.pdf,RS_TURIA,N/A,OK,C:/Users/marius.ion/Downloads/test\Revision_Manual\SPLIT_Pag9_RS_TURIA.pdf
2026-02-02 12:03:43,10NoOCR.pdf -> SPLIT_Pag0_HNTOOLS.pdf,HNTOOLS,9937892,OK,C:/Users/marius.ion/Downloads/test\HnTools_Albaranes\2026-01-12_9937892.pdf
2026-02-02 12:03:44,10NoOCR.pdf -> SPLIT_Pag1_HNTOOLS.pdf,HNTOOLS,9937892,OK,C:/Users/marius.ion/Downloads/test\HnTools_Albaranes\2026-01-13_9937892.pdf
2026-02-02 12:03:45,10NoOCR.pdf -> SPLIT_Pag2_CBM_IBERICA.pdf,CBM_IBERICA,495381,OK,C:/Users/marius.ion/Downloads/test\CBM_Albaranes\2026-01-20_495381.pdf
2026-02-02 12:03:46,10NoOCR.pdf -> SPLIT_Pag3_CBM_IBERICA.pdf,CBM_IBERICA,495380,OK,C:/Users/marius.ion/Downloads/test\CBM_Albaranes\2026-01-20_495380.pdf
2026-02-02 12:03:47,10NoOCR.pdf -> SPLIT_Pag4_EUROPART.pdf,EUROPART,N/A,OK,C:/Users/marius.ion/Downloads/test\Revision_Manual\SPLIT_Pag4_EUROPART.pdf
2026-02-02 12:03:47,10NoOCR.pdf -> SPLIT_Pag5_EUROPART.pdf,EUROPART,N/A,OK,C:/Users/marius.ion/Downloads/test\Revision_Manual\SPLIT_Pag5_EUROPART.pdf
2026-02-02 12:03:48,10NoOCR.pdf -> SPLIT_Pag6_VOLVO_TRUCKS.pdf,VOLVO_TRUCKS,7360166,OK,C:/Users/marius.ion/Downloads/test\Volvo_Albaranes\2026-02-02_7360166.pdf
2026-02-02 12:03:50,10NoOCR.pdf -> SPLIT_Pag7_VOLVO_TRUCKS.pdf,VOLVO_TRUCKS,0099700,OK,C:/Users/marius.ion/Downloads/test\Volvo_Albaranes\2026-01-21_0099700.pdf
2026-02-02 12:03:51,10NoOCR.pdf -> SPLIT_Pag8_RS_TURIA.pdf,RS_TURIA,N/A,OK,C:/Users/marius.ion/Downloads/test\Revision_Manual\SPLIT_Pag8_RS_TURIA.pdf
2026-02-02 12:03:51,10NoOCR.pdf -> SPLIT_Pag9_RS_TURIA.pdf,RS_TURIA,N/A,OK,C:/Users/marius.ion/Downloads/test\Revision_Manual\SPLIT_Pag9_RS_TURIA.pdf
2026-02-02 12:32:10,10NoOCR.pdf -> SPLIT_Pag0_HNTOOLS.pdf,HNTOOLS,9937892,OK,C:/Users/marius.ion/Downloads/test\HnTools_Albaranes\2026-01-12_9937892.pdf
2026-02-02 12:32:11,10NoOCR.pdf -> SPLIT_Pag1_HNTOOLS.pdf,HNTOOLS,9937892,OK,C:/Users/marius.ion/Downloads/test\HnTools_Albaranes\2026-01-13_9937892.pdf
2026-02-02 12:32:12,10NoOCR.pdf -> SPLIT_Pag2_CBM_IBERICA.pdf,CBM_IBERICA,495381,OK,C:/Users/marius.ion/Downloads/test\CBM_Albaranes\2026-01-20_495381.pdf
2026-02-02 12:32:13,10NoOCR.pdf -> SPLIT_Pag3_CBM_IBERICA.pdf,CBM_IBERICA,495380,OK,C:/Users/marius.ion/Downloads/test\CBM_Albaranes\2026-01-20_495380.pdf
2026-02-02 12:32:13,10NoOCR.pdf -> SPLIT_Pag4_EUROPART.pdf,EUROPART,N/A,OK,C:/Users/marius.ion/Downloads/test\Revision_Manual\SPLIT_Pag4_EUROPART.pdf
2026-02-02 12:32:14,10NoOCR.pdf -> SPLIT_Pag5_EUROPART.pdf,EUROPART,N/A,OK,C:/Users/marius.ion/Downloads/test\Revision_Manual\SPLIT_Pag5_EUROPART.pdf
2026-02-02 12:32:15,10NoOCR.pdf -> SPLIT_Pag6_VOLVO_TRUCKS.pdf,VOLVO_TRUCKS,7360166,OK,C:/Users/marius.ion/Downloads/test\Volvo_Albaranes\2026-02-02_7360166.pdf
2026-02-02 12:32:17,10NoOCR.pdf -> SPLIT_Pag7_VOLVO_TRUCKS.pdf,VOLVO_TRUCKS,0099700,OK,C:/Users/marius.ion/Downloads/test\Volvo_Albaranes\2026-01-21_0099700.pdf
2026-02-02 12:32:17,10NoOCR.pdf -> SPLIT_Pag8_RS_TURIA.pdf,RS_TURIA,AV26009170,OK,C:/Users/marius.ion/Downloads/test\RsTuria_Albaranes\2026-01-21_AV26009170.pdf
2026-02-02 12:32:18,10NoOCR.pdf -> SPLIT_Pag9_RS_TURIA.pdf,RS_TURIA,AV26008535,OK,C:/Users/marius.ion/Downloads/test\RsTuria_Albaranes\2026-01-20_AV26008535.pdf
2026-02-02 12:46:31,10NoOCR.pdf -> SPLIT_Pag0_HNTOOLS.pdf,HNTOOLS,2600630,OK,C:/Users/marius.ion/Downloads/test\HnTools_Albaranes\2026-01-15_2600630.pdf
2026-02-02 12:46:32,10NoOCR.pdf -> SPLIT_Pag1_HNTOOLS.pdf,HNTOOLS,2600847,OK,C:/Users/marius.ion/Downloads/test\HnTools_Albaranes\2026-01-19_2600847.pdf
2026-02-02 12:46:33,10NoOCR.pdf -> SPLIT_Pag2_CBM_IBERICA.pdf,CBM_IBERICA,495381,OK,C:/Users/marius.ion/Downloads/test\CBM_Albaranes\2026-01-20_495381.pdf
2026-02-02 12:46:34,10NoOCR.pdf -> SPLIT_Pag3_CBM_IBERICA.pdf,CBM_IBERICA,495380,OK,C:/Users/marius.ion/Downloads/test\CBM_Albaranes\2026-01-20_495380.pdf
2026-02-02 12:46:35,10NoOCR.pdf -> SPLIT_Pag4_EUROPART.pdf,EUROPART,N/A,OK,C:/Users/marius.ion/Downloads/test\Revision_Manual\SPLIT_Pag4_EUROPART.pdf
2026-02-02 12:46:36,10NoOCR.pdf -> SPLIT_Pag5_EUROPART.pdf,EUROPART,N/A,OK,C:/Users/marius.ion/Downloads/test\Revision_Manual\SPLIT_Pag5_EUROPART.pdf
2026-02-02 12:46:37,10NoOCR.pdf -> SPLIT_Pag6_VOLVO_TRUCKS.pdf,VOLVO_TRUCKS,7360166,OK,C:/Users/marius.ion/Downloads/test\Volvo_Albaranes\2026-02-02_7360166.pdf
2026-02-02 12:46:38,10NoOCR.pdf -> SPLIT_Pag7_VOLVO_TRUCKS.pdf,VOLVO_TRUCKS,0099700,OK,C:/Users/marius.ion/Downloads/test\Volvo_Albaranes\2026-01-21_0099700.pdf
2026-02-02 12:46:39,10NoOCR.pdf -> SPLIT_Pag8_RS_TURIA.pdf,RS_TURIA,AV26009170,OK,C:/Users/marius.ion/Downloads/test\RsTuria_Albaranes\2026-01-21_AV26009170.pdf
2026-02-02 12:46:40,10NoOCR.pdf -> SPLIT_Pag9_RS_TURIA.pdf,RS_TURIA,AV26008535,OK,C:/Users/marius.ion/Downloads/test\RsTuria_Albaranes\2026-01-20_AV26008535.pdf
2026-02-02 13:06:33,10NoOCR.pdf -> SPLIT_Pag0_HNTOOLS.pdf,HNTOOLS,2600630,OK,C:/Users/marius.ion/Downloads/test\HnTools_Albaranes\2026-01-15_2600630.pdf
2026-02-02 13:06:34,10NoOCR.pdf -> SPLIT_Pag1_HNTOOLS.pdf,HNTOOLS,2600847,OK,C:/Users/marius.ion/Downloads/test\HnTools_Albaranes\2026-01-19_2600847.pdf
2026-02-02 13:06:34,10NoOCR.pdf -> SPLIT_Pag2_CBM_IBERICA.pdf,CBM_IBERICA,495381,OK,C:/Users/marius.ion/Downloads/test\CBM_Albaranes\2026-01-20_495381.pdf
2026-02-02 13:06:35,10NoOCR.pdf -> SPLIT_Pag3_CBM_IBERICA.pdf,CBM_IBERICA,495380,OK,C:/Users/marius.ion/Downloads/test\CBM_Albaranes\2026-01-20_495380.pdf
2026-02-02 13:06:36,10NoOCR.pdf -> SPLIT_Pag4_EUROPART.pdf,EUROPART,N/A,OK,C:/Users/marius.ion/Downloads/test\Revision_Manual\SPLIT_Pag4_EUROPART.pdf
2026-02-02 13:06:37,10NoOCR.pdf -> SPLIT_Pag5_EUROPART.pdf,EUROPART,N/A,OK,C:/Users/marius.ion/Downloads/test\Revision_Manual\SPLIT_Pag5_EUROPART.pdf
2026-02-02 13:06:38,10NoOCR.pdf -> SPLIT_Pag6_VOLVO_TRUCKS.pdf,VOLVO_TRUCKS,7360166,OK,C:/Users/marius.ion/Downloads/test\Volvo_Albaranes\2026-02-02_7360166.pdf
2026-02-02 13:06:39,10NoOCR.pdf -> SPLIT_Pag7_VOLVO_TRUCKS.pdf,VOLVO_TRUCKS,0099700,OK,C:/Users/marius.ion/Downloads/test\Volvo_Albaranes\2026-01-21_0099700.pdf
2026-02-02 13:06:40,10NoOCR.pdf -> SPLIT_Pag8_RS_TURIA.pdf,RS_TURIA,AV26009170,OK,C:/Users/marius.ion/Downloads/test\RsTuria_Albaranes\2026-01-21_AV26009170.pdf
2026-02-02 13:06:41,10NoOCR.pdf -> SPLIT_Pag9_RS_TURIA.pdf,RS_TURIA,AV26008535,OK,C:/Users/marius.ion/Downloads/test\RsTuria_Albaranes\2026-01-20_AV26008535.pdf
2026-02-02 13:08:19,10NoOCR.pdf -> SPLIT_Pag0_HNTOOLS.pdf,HNTOOLS,2600630,OK,C:/Users/marius.ion/Downloads/test\HnTools_Albaranes\2026-01-15_2600630.pdf
2026-02-02 13:08:20,10NoOCR.pdf -> SPLIT_Pag1_HNTOOLS.pdf,HNTOOLS,2600847,OK,C:/Users/marius.ion/Downloads/test\HnTools_Albaranes\2026-01-19_2600847.pdf
2026-02-02 13:08:21,10NoOCR.pdf -> SPLIT_Pag2_CBM_IBERICA.pdf,CBM_IBERICA,49538,OK,C:/Users/marius.ion/Downloads/test\CBM_Albaranes\2026-01-20_49538.pdf
2026-02-02 13:08:22,10NoOCR.pdf -> SPLIT_Pag3_CBM_IBERICA.pdf,CBM_IBERICA,49538,OK,C:/Users/marius.ion/Downloads/test\CBM_Albaranes\2026-01-20_49538_DUPLICADO_9e72.pdf
2026-02-02 13:08:23,10NoOCR.pdf -> SPLIT_Pag4_EUROPART.pdf,EUROPART,N/A,OK,C:/Users/marius.ion/Downloads/test\Revision_Manual\SPLIT_Pag4_EUROPART.pdf
2026-02-02 13:08:24,10NoOCR.pdf -> SPLIT_Pag5_EUROPART.pdf,EUROPART,N/A,OK,C:/Users/marius.ion/Downloads/test\Revision_Manual\SPLIT_Pag5_EUROPART.pdf
2026-02-02 13:08:25,10NoOCR.pdf -> SPLIT_Pag6_VOLVO_TRUCKS.pdf,VOLVO_TRUCKS,7360166,OK,C:/Users/marius.ion/Downloads/test\Volvo_Albaranes\2026-02-02_7360166.pdf
2026-02-02 13:08:26,10NoOCR.pdf -> SPLIT_Pag7_VOLVO_TRUCKS.pdf,VOLVO_TRUCKS,0099700,OK,C:/Users/marius.ion/Downloads/test\Volvo_Albaranes\2026-01-21_0099700.pdf
2026-02-02 13:08:27,10NoOCR.pdf -> SPLIT_Pag8_RS_TURIA.pdf,RS_TURIA,AV26009170,OK,C:/Users/marius.ion/Downloads/test\RsTuria_Albaranes\2026-01-21_AV26009170.pdf
2026-02-02 13:08:28,10NoOCR.pdf -> SPLIT_Pag9_RS_TURIA.pdf,RS_TURIA,AV26008535,OK,C:/Users/marius.ion/Downloads/test\RsTuria_Albaranes\2026-01-20_AV26008535.pdf
2026-02-02 13:20:44,10NoOCR.pdf -> SPLIT_Pag0_HNTOOLS.pdf,HNTOOLS,2600630,OK,C:/Users/marius.ion/Downloads/test\HnTools_Albaranes\2026-01-15_2600630.pdf
2026-02-02 13:20:45,10NoOCR.pdf -> SPLIT_Pag1_HNTOOLS.pdf,HNTOOLS,2600847,OK,C:/Users/marius.ion/Downloads/test\HnTools_Albaranes\2026-01-19_2600847.pdf
2026-02-02 13:20:46,10NoOCR.pdf -> SPLIT_Pag2_CBM_IBERICA.pdf,CBM_IBERICA,N/A,OK,C:/Users/marius.ion/Downloads/test\Revision_Manual\SPLIT_Pag2_CBM_IBERICA.pdf
2026-02-02 13:20:46,10NoOCR.pdf -> SPLIT_Pag3_CBM_IBERICA.pdf,CBM_IBERICA,4953804,OK,C:/Users/marius.ion/Downloads/test\CBM_Albaranes\2026-01-20_4953804.pdf
2026-02-02 13:20:47,10NoOCR.pdf -> SPLIT_Pag4_EUROPART.pdf,EUROPART,N/A,OK,C:/Users/marius.ion/Downloads/test\Revision_Manual\SPLIT_Pag4_EUROPART.pdf
2026-02-02 13:20:48,10NoOCR.pdf -> SPLIT_Pag5_EUROPART.pdf,EUROPART,N/A,OK,C:/Users/marius.ion/Downloads/test\Revision_Manual\SPLIT_Pag5_EUROPART.pdf
2026-02-02 13:20:49,10NoOCR.pdf -> SPLIT_Pag6_VOLVO_TRUCKS.pdf,VOLVO_TRUCKS,7360166,OK,C:/Users/marius.ion/Downloads/test\Volvo_Albaranes\2026-02-02_7360166.pdf
2026-02-02 13:20:50,10NoOCR.pdf -> SPLIT_Pag7_VOLVO_TRUCKS.pdf,VOLVO_TRUCKS,0099700,OK,C:/Users/marius.ion/Downloads/test\Volvo_Albaranes\2026-01-21_0099700.pdf
2026-02-02 13:20:51,10NoOCR.pdf -> SPLIT_Pag8_RS_TURIA.pdf,RS_TURIA,AV26009170,OK,C:/Users/marius.ion/Downloads/test\RsTuria_Albaranes\2026-01-21_AV26009170.pdf
2026-02-02 13:20:52,10NoOCR.pdf -> SPLIT_Pag9_RS_TURIA.pdf,RS_TURIA,AV26008535,OK,C:/Users/marius.ion/Downloads/test\RsTuria_Albaranes\2026-01-20_AV26008535.pdf
2026-02-02 13:29:57,10NoOCR.pdf -> SPLIT_Pag0_HNTOOLS.pdf,HNTOOLS,N/A,OK,C:/Users/marius.ion/Downloads/test\Revision_Manual\SPLIT_Pag0_HNTOOLS.pdf
2026-02-02 13:29:58,10NoOCR.pdf -> SPLIT_Pag1_HNTOOLS.pdf,HNTOOLS,2600847,OK,C:/Users/marius.ion/Downloads/test\HnTools_Albaranes\2026-01-19_2600847.pdf
2026-02-02 13:29:59,10NoOCR.pdf -> SPLIT_Pag2_CBM_IBERICA.pdf,CBM_IBERICA,4953818,OK,C:/Users/marius.ion/Downloads/test\CBM_Albaranes\2026-01-20_4953818.pdf
2026-02-02 13:29:59,10NoOCR.pdf -> SPLIT_Pag3_CBM_IBERICA.pdf,CBM_IBERICA,4953804,OK,C:/Users/marius.ion/Downloads/test\CBM_Albaranes\2026-01-20_4953804.pdf
2026-02-02 13:30:00,10NoOCR.pdf -> SPLIT_Pag4_EUROPART.pdf,EUROPART,N/A,OK,C:/Users/marius.ion/Downloads/test\Revision_Manual\SPLIT_Pag4_EUROPART.pdf
2026-02-02 13:30:01,10NoOCR.pdf -> SPLIT_Pag5_EUROPART.pdf,EUROPART,N/A,OK,C:/Users/marius.ion/Downloads/test\Revision_Manual\SPLIT_Pag5_EUROPART.pdf
2026-02-02 13:30:02,10NoOCR.pdf -> SPLIT_Pag6_VOLVO_TRUCKS.pdf,VOLVO_TRUCKS,7360166,OK,C:/Users/marius.ion/Downloads/test\Volvo_Albaranes\2026-02-02_7360166.pdf
2026-02-02 13:30:03,10NoOCR.pdf -> SPLIT_Pag7_VOLVO_TRUCKS.pdf,VOLVO_TRUCKS,7360181,OK,C:/Users/marius.ion/Downloads/test\Volvo_Albaranes\2026-02-02_7360181.pdf
2026-02-02 13:30:04,10NoOCR.pdf -> SPLIT_Pag8_RS_TURIA.pdf,RS_TURIA,AV26009170,OK,C:/Users/marius.ion/Downloads/test\RsTuria_Albaranes\2026-01-21_AV26009170.pdf
2026-02-02 13:30:05,10NoOCR.pdf -> SPLIT_Pag9_RS_TURIA.pdf,RS_TURIA,AV26008535,OK,C:/Users/marius.ion/Downloads/test\RsTuria_Albaranes\2026-01-20_AV26008535.pdf
2026-02-02 13:42:29,10NoOCR.pdf -> SPLIT_Pag0_HNTOOLS.pdf,HNTOOLS,2600630,OK,C:/Users/marius.ion/Downloads/test\HnTools_Albaranes\2026-01-15_2600630.pdf
2026-02-02 13:42:30,10NoOCR.pdf -> SPLIT_Pag1_HNTOOLS.pdf,HNTOOLS,2600847,OK,C:/Users/marius.ion/Downloads/test\HnTools_Albaranes\2026-01-19_2600847.pdf
2026-02-02 13:42:31,10NoOCR.pdf -> SPLIT_Pag2_CBM_IBERICA.pdf,CBM_IBERICA,4953818,OK,C:/Users/marius.ion/Downloads/test\CBM_Albaranes\2026-01-20_4953818.pdf
2026-02-02 13:42:32,10NoOCR.pdf -> SPLIT_Pag3_CBM_IBERICA.pdf,CBM_IBERICA,4953804,OK,C:/Users/marius.ion/Downloads/test\CBM_Albaranes\2026-01-20_4953804.pdf
2026-02-02 13:42:33,10NoOCR.pdf -> SPLIT_Pag4_EUROPART.pdf,EUROPART,N/A,OK,C:/Users/marius.ion/Downloads/test\Revision_Manual\SPLIT_Pag4_EUROPART.pdf
2026-02-02 13:42:34,10NoOCR.pdf -> SPLIT_Pag5_EUROPART.pdf,EUROPART,N/A,OK,C:/Users/marius.ion/Downloads/test\Revision_Manual\SPLIT_Pag5_EUROPART.pdf
2026-02-02 13:42:34,10NoOCR.pdf -> SPLIT_Pag6_VOLVO_TRUCKS.pdf,VOLVO_TRUCKS,7360166,OK,C:/Users/marius.ion/Downloads/test\Volvo_Albaranes\2026-02-02_7360166.pdf
2026-02-02 13:42:36,10NoOCR.pdf -> SPLIT_Pag7_VOLVO_TRUCKS.pdf,VOLVO_TRUCKS,7360181,OK,C:/Users/marius.ion/Downloads/test\Volvo_Albaranes\2026-01-21_7360181.pdf
2026-02-02 13:42:37,10NoOCR.pdf -> SPLIT_Pag8_RS_TURIA.pdf,RS_TURIA,AV26009170,OK,C:/Users/marius.ion/Downloads/test\RsTuria_Albaranes\2026-01-21_AV26009170.pdf
2026-02-02 13:42:37,10NoOCR.pdf -> SPLIT_Pag9_RS_TURIA.pdf,RS_TURIA,AV26008535,OK,C:/Users/marius.ion/Downloads/test\RsTuria_Albaranes\2026-01-20_AV26008535.pdf
